{"cameraMode":{"drawMode":0,"name":"Shaded","section":"Shading Mode"},"sceneLighting":true,"audioPlay":false,"sceneViewState":{"showFog":true,"showMaterialUpdate":false,"showSkybox":true,"showFlares":true,"showImageEffects":true,"showParticleSystems":true,"showVisualEffectGraphs":true,"m_FxEnabled":true},"in2DMode":false,"pivot":{"x":-19.708288192749025,"y":-12.123217582702637,"z":266.6191711425781},"rotation":{"x":-0.04826516658067703,"y":0.03205329552292824,"z":-0.0015462819719687105,"w":-0.9983011484146118},"size":129.7241668701172,"orthographic":false}