{"cameraMode":{"drawMode":0,"name":"Shaded","section":"Shading Mode"},"sceneLighting":true,"audioPlay":false,"sceneViewState":{"showFog":true,"showMaterialUpdate":false,"showSkybox":true,"showFlares":true,"showImageEffects":true,"showParticleSystems":true,"showVisualEffectGraphs":true,"m_FxEnabled":true},"in2DMode":false,"pivot":{"x":-11.330068588256836,"y":26.369352340698243,"z":37.552284240722659},"rotation":{"x":-0.18884578347206117,"y":0.09029735624790192,"z":-0.017435338348150255,"w":-0.9776700735092163},"size":35.59292984008789,"orthographic":false}