{"cameraMode":{"drawMode":0,"name":"Shaded","section":"Shading Mode"},"sceneLighting":true,"audioPlay":false,"sceneViewState":{"showFog":true,"showMaterialUpdate":false,"showSkybox":true,"showFlares":true,"showImageEffects":true,"showParticleSystems":true,"showVisualEffectGraphs":true,"m_FxEnabled":true},"in2DMode":false,"pivot":{"x":-0.5112079977989197,"y":27.23607063293457,"z":87.07907104492188},"rotation":{"x":-0.0797223448753357,"y":-0.00538585614413023,"z":0.00043420694419182837,"w":-0.9967859983444214},"size":47.47565841674805,"orthographic":false}