{"cameraMode":{"drawMode":0,"name":"Shaded","section":"Shading Mode"},"sceneLighting":true,"audioPlay":false,"sceneViewState":{"showFog":true,"showMaterialUpdate":false,"showSkybox":true,"showFlares":true,"showImageEffects":true,"showParticleSystems":true,"showVisualEffectGraphs":true,"m_FxEnabled":true},"in2DMode":false,"pivot":{"x":-0.23216456174850465,"y":7.57365608215332,"z":83.91046905517578},"rotation":{"x":-0.0797223448753357,"y":-0.00538585614413023,"z":0.00043420694419182837,"w":-0.9967859983444214},"size":44.13138961791992,"orthographic":false}