{"cameraMode":{"drawMode":0,"name":"Shaded","section":"Shading Mode"},"sceneLighting":true,"audioPlay":false,"sceneViewState":{"showFog":true,"showMaterialUpdate":false,"showSkybox":true,"showFlares":true,"showImageEffects":true,"showParticleSystems":true,"showVisualEffectGraphs":true,"m_FxEnabled":true},"in2DMode":false,"pivot":{"x":-8.075206756591797,"y":28.322755813598634,"z":129.10580444335938},"rotation":{"x":-0.031372226774692538,"y":-0.16357417404651643,"z":0.005221738014370203,"w":-0.9859884977340698},"size":47.88116455078125,"orthographic":false}