{"cameraMode":{"drawMode":0,"name":"Shaded","section":"Shading Mode"},"sceneLighting":true,"audioPlay":false,"sceneViewState":{"showFog":true,"showMaterialUpdate":false,"showSkybox":true,"showFlares":true,"showImageEffects":true,"showParticleSystems":true,"showVisualEffectGraphs":true,"m_FxEnabled":true},"in2DMode":false,"pivot":{"x":-5.024989128112793,"y":-5.150313377380371,"z":142.26412963867188},"rotation":{"x":-0.07819847762584686,"y":0.02751062996685505,"z":-0.0021403664723038675,"w":-0.9965268969535828},"size":113.38805389404297,"orthographic":false}